<?xml version="1.0" ?>
<!-- =================================================================================== -->
<!-- |    This document was autogenerated by xacro from s-model_mesh.xacro             | -->
<!-- |    EDITING THIS FILE BY HAND IS NOT RECOMMENDED                                 | -->
<!-- =================================================================================== -->
<!-- NOTE: THE URDF GENERATED BY THIS FILE DOES NO WORK PROPERLY BECAUSE -->
<!-- IT INCLUDES ONLY FIXED JOINTS (WHICH ARE NOT PUBLISHED BY THE JOINT -->
<!-- STATE PUBLISHER.                                                    -->
<robot name="s-model_mesh" xmlns:xacro="http://ros.org/wiki/xacro">
  <link name="palm">
    <visual>
      <geometry>
        <mesh filename="package://robotiq_s_model_visualization/meshes/s-model/visual/GRIPPER_OPEN_PALM.stl"/>
      </geometry>
      <material name="green">
        <color rgba="0 1 0 1"/>
      </material>
    </visual>
    <collision>
      <geometry>
        <mesh filename="package://robotiq_s_model_visualization/meshes/s-model/collision/GRIPPER_OPEN_PALM.stl"/>
      </geometry>
      <material name="yellow">
        <color rgba="0 1 1 1"/>
      </material>
    </collision>
  </link>
  <link name="finger_1">
    <visual>
      <geometry>
        <mesh filename="package://robotiq_s_model_visualization/meshes/s-model/visual/GRIPPER_OPEN_FINGER_1.stl"/>
      </geometry>
      <material name="green"/>
    </visual>
    <collision>
      <geometry>
        <mesh filename="package://robotiq_s_model_visualization/meshes/s-model/collision/GRIPPER_OPEN_FINGER_1.stl"/>
      </geometry>
      <material name="yellow"/>
    </collision>
  </link>
  <link name="finger_2">
    <visual>
      <geometry>
        <mesh filename="package://robotiq_s_model_visualization/meshes/s-model/visual/GRIPPER_OPEN_FINGER_2.stl"/>
      </geometry>
      <material name="green"/>
    </visual>
    <collision>
      <geometry>
        <mesh filename="package://robotiq_s_model_visualization/meshes/s-model/collision/GRIPPER_OPEN_FINGER_2.stl"/>
      </geometry>
      <material name="yellow"/>
    </collision>
  </link>
  <link name="finger_3">
    <visual>
      <geometry>
        <mesh filename="package://robotiq_s_model_visualization/meshes/s-model/visual/GRIPPER_OPEN_FINGER_3.stl"/>
      </geometry>
      <material name="green"/>
    </visual>
    <collision>
      <geometry>
        <mesh filename="package://robotiq_s_model_visualization/meshes/s-model/collision/GRIPPER_OPEN_FINGER_3.stl"/>
      </geometry>
      <material name="yellow"/>
    </collision>
  </link>
  <joint name="joint_1" type="fixed">
    <parent link="palm"/>
    <child link="finger_1"/>
    <origin rpy="0 0 0" xyz="0 0 0"/>
  </joint>
  <joint name="joint_2" type="fixed">
    <parent link="palm"/>
    <child link="finger_2"/>
    <origin rpy="0 0 0" xyz="0 0 0"/>
  </joint>
  <joint name="joint_3" type="fixed">
    <parent link="palm"/>
    <child link="finger_3"/>
    <origin rpy="0 0 0" xyz="0 0 0"/>
  </joint>
</robot>
